url,title,description,rank_absolute
https://www.linkedin.com/company/clouditalia-communications-spa,Clouditalia Telecomunicazioni,"CloudItalia è la prima società di servizi di Telecomunicazione e Cloud in Italia interamente dedicata al mondo del lavoro: aziende, organizzazioni della ...",1
https://www.linkedin.com/company/tci-telecomunicazioni-italia-s.r.l.,TCI Telecomunicazioni Italia s.r.l.,"Browse jobs · Application Specialist jobs. 44,077 open jobs · Department Manager jobs. 299,898 open jobs · Technical Analyst jobs. 506,656 open jobs ...",2
https://www.linkedin.com/company/tlc-telecomunicazioni-srl/,TLC Telecomunicazioni,Internet in FIBRA OTTICA dedicata a progetto ovunque. Collegamenti in fibra pregiata FTTO. Fibra spenta. Trasporti L2. Fibra condivisa: FTTH - FTTC / VDSL ...,3
https://www.linkedin.com/company/telecomunicazioni-e-dati/,Telecomunicazioni e Dati,La nostra azienda nasce nel 1999 ad Alessandria come re-seller di servizi di telecomunicazioni; si è poi evoluta nel tempo implementando il settore di ...,4
https://www.linkedin.com/company/retetel,ReteTel Italia,"ReteTel Italia è specializzata nella fornitura di servizi di telecomunicazioni ed accessi ad internet su tutto il territorio nazionale, ...",5
https://www.linkedin.com/company/todos-it-s-r-l-telecomunicazioni,Todos.it s.r.l. Telecomunicazioni,"Siamo lieti di annunciare l'acquisizione del ramo Telco di Gavia Systems srl, importante realtà nel settore delle Telecomunicazioni con sede a Rovigo!",6
https://www.linkedin.com/company/zal-telecomunicazioni/,ZAL Telecomunicazioni,RADICI LOCALI VISIONE GLOBALE Siamo un operatore di telecomunicazioni e ci rivolgiamo esclusivamente a manager e imprenditori per offrire servizi e ...,7
https://www.linkedin.com/company/green-multiutilty/,Green Telecomunicazioni,"Green Telecomunicazioni SpA è una compagnia telefonica attiva dal 1997 che offre servizi di telefonia mobile (voce-dati), banda larga e telefonia fissa.",8
https://www.linkedin.com/company/telecomunicazione-estera-italia,Telecomunicazione Estera Italia,"Azienda di rappresentanza e commercializzazione per la distribuzione di sistemi di telecomunicazioni, V.O.I.P. e non, prepagati.",9
https://www.linkedin.com/company/devitalia-telecomunicazioni,Devitalia Telecomunicazioni,"Nata a Pisa nel 1997 dalla decennale esperienza dei suoi soci fondatori, DevItalia propone soluzioni tecnologiche destinate alle piccole e medie imprese.",10
https://ch.linkedin.com/company/clouditalia-communications-spa,Clouditalia Telecomunicazioni,Clouditalia Telecomunicazioni è una società di Telecomunicazioni e Cloud ... italiano dedicato alle aziende. Rimani aggiornato su tutti gli eventi e le ...,11
https://www.linkedin.com/company/arcolinktelecomunicazioni/,Arcolink Telecomunicazioni S.r.l.,"Arcolink Telecomunicazioni S.r.l. | 395 followers on LinkedIn. Connettività ... Empoli, Italia/Firenze 50053, IT. Get directions. Employees at Arcolink ...",12
https://www.linkedin.com/company/rdp-telecomunicazioni,RDP TELECOMUNICAZIONI S.p.A.,"RDP TELECOMUNICAZIONI S.p.A. | 362 followers on LinkedIn. Progettazione, installazione e manutenzione di infrastrutture IT e sistemi per l'efficienza ...",13
https://www.linkedin.com/company/fibercop,FiberCop,FiberCop ha la missione di costruire e gestire una rete di telecomunicazioni wholesale accessibile a tutti gli Operatori in Italia. FiberCop ...,14
https://www.linkedin.com/company/ultranet-telecomunicazioni,Ultranet Telecomunicazioni,Ultranet Telecomunicazioni | 168 followers on LinkedIn. Green Optical Fiber | Ultranet S.r.l. è una società che opera nel settore delle telecomunicazioni e ...,15
https://it.linkedin.com/company/telita-infrastutture-italiane,Telita Infrastutture italiane,Telita Infrastutture italiane | 123 follower su LinkedIn. Servizi per le infrastrutture delle telecomunicazioni italiane ed energia | Telita ...,16
https://www.linkedin.com/company/connecting-italia,Connecting Italia,"Persone che danno estremo valore al dialogo, all'ascolto, alle relazioni umane e al supporto. Quello vero. Cosa facciamo Servizi di telecomunicazioni, ...",17
https://www.linkedin.com/company/nexum-telecomunicazioni/,Nexum Telecomunicazioni,"L'azienda, con sede a Rimini, opera in Italia ed all'estero. L'offerta della società copre i seguenti settori: ingegneria, consulting, project management, ...",18
https://www.linkedin.com/company/opla-srl,Oplà reti e telecomunicazioni,"... telecomunicazioni rende fruibile ad ogni professionista strumenti di ... Computer Networking Products. Cormano, Italia 83 followers. ACCOUNTABILITY ...",19
https://it.linkedin.com/company/telco-telecomunicazioni-s.r.l.-telco-telecomunicazioni-g.m.b.h.,TELCO TELECOMUNICAZIONI SRL ...,TELCO TELECOMUNICAZIONI S.R.L. TELCO TELECOMUNICAZIONI G.M.B.H. | 14 follower su LinkedIn. INSTALLAZIONE DI IMPIANTI ELETTRICI E DI TELECOMUNICAZIONE IN ...,20
https://www.linkedin.com/company/fitel-s-r-l-,Fitel Telecomunicazioni Srl,"Firenze, Italia. Type: Privately Held. Founded: 1991. Specialties: Telecomunicazioni, VoIP, Networking, Sicurezza Informatica, Ip Telephony, Unified ...",21
https://www.linkedin.com/company/mula-srl,MULA TELECOMUNICAZIONI SRL,MULA TELECOMUNICAZIONI SRL | 52 followers on LinkedIn. Agenzia Direzionale WIND/Infostrada dal 1998. Specializzata in consulenza in ambito aziendale per ...,22
https://www.linkedin.com/company/telecomunicazioni-e-servizi-s.r.l.,TELECOMUNICAZIONI E SERVIZI S.R.L.,"TELECOMUNICAZIONI E SERVIZI S.R.L. | 8 followers on LinkedIn. TELECOMUNICAZIONI E SERVIZI S.R.L. is a construction company based out of BRESCIA, Bs, Italy.",23
https://www.linkedin.com/company/intred-spa/,INTRED S.p.A.,INTRED nasce a Milano nel gennaio 1996 con l'obiettivo di fornire servizi di Telecomunicazioni ed Internet. ... Italia. INTRED è focalizzata su un'utenza ...,24
https://www.linkedin.com/company/eolo/,EOLO,EOLO | 45298 followers on LinkedIn. Internet dove c'è un paese | EOLO è un operatore di telecomunicazioni con capitale interamente italiano che ha saputo ...,25
https://www.linkedin.com/company/gruppo-sistema-italia,Gruppo Sistema Italia,"Gruppo Sistema Italia è il brand che identifica il più grande network italiano di ... Noleggio Lungo Termine, Telecomunicazioni, Informatica, Marketing ...",26
https://www.linkedin.com/company/oneteamgroup,One Team Group,"Siamo business partner di TIM Telecom Italia ed Edison. Realizziamo progetti legati al mondo delle telecomunicazioni e forniamo consulenza in diversi ambiti, ...",27
https://it.linkedin.com/company/gabiano-telecomunicazioni-s.r.l.,GABIANO TELECOMUNICAZIONI S.R.L.,GABIANO TELECOMUNICAZIONI S.R.L. | 6 follower su LinkedIn. AGENTE RAPPRESENTANTE NEL SETTORE DELLE TELECOMUNICAZIONI.,28
https://de.linkedin.com/company/tlc-telecomunicazioni-srl,TLC Telecomunicazioni,TLC Telecomunicazioni | 6.758 Follower:innen auf LinkedIn. Internet in FIBRA OTTICA dedicata a progetto ovunque | Internet in FIBRA OTTICA dedicata a ...,29
https://www.linkedin.com/company/industria-sistemi-elettronici-per-telecomunicazioni-s.r.l.-in-sigla-i.s.e.t.-srl,INDUSTRIA SISTEMI ELETTRONICI PER ...,INDUSTRIA SISTEMI ELETTRONICI PER TELECOMUNICAZIONI S.R.L. IN SIGLA I.S.E.T. SRL | 9 followers on LinkedIn. ATTIVITA SVOLTA PRESSO L UNITA LOCALE.,30
https://www.linkedin.com/company/ecotec-sistemi-di-telecomunicazioni-s.r.l.?trk=ppro_cprof,ECOTEC Sistemi di Telecomunicazioni S.r.l.,"ECOTEC Sistemi di Telecomunicazioni S.r.l. | 190 followers on LinkedIn. Progettazione ed installazione di : impianti elettrici, segnalazione e rilevazione ...",31
https://it.linkedin.com/company/btg-italia-srl,BTG ITALIA SRL,BTG ITALIA SRL | 11 follower su LinkedIn ... Telecomunicazioni. Dimensioni dell'azienda: 2-10 dipendenti. Sede principale ...,32
https://ma.linkedin.com/company/eritel-telecomunicazioni?trk=ppro_cprof,ERITEL Telecomunicazioni,"Siamo presenti sul mercato italiano con un team di oltre 40 collaboratori dipendenti e sedi ad Ancona, Perugia, Firenze e Bologna, a supporto delle imprese ...",33
https://it.linkedin.com/company/terra-s-p-a-,Terra S.p.A.,Terra S.p.A. | 134 follower su LinkedIn. Terra è una realtà industriale che opera nel mondo delle telecomunicazioni e dell'e-commerce. Dalla telefonia fissa a,34
https://de.linkedin.com/company/sice-telecomunicazioni?trk=public_profile_experience-item_profile-section-card_subtitle-click,SICE Telecomunicazioni,SICE Telecomunicazioni | 2.464 Follower:innen auf LinkedIn. Communication Makers | SICE Telecomunicazioni dal 1980 rappresenta in Italia e nel mondo ...,35
https://it.linkedin.com/company/italianbestcall,Italian Best Call,Chi siamo ; Sito Web: https://www.italianbestcall.com/. Link esterno per Italian Best Call ; Settore: Telecomunicazioni ; Dimensioni dell'azienda: 11-50 dipendenti.,36
https://uk.linkedin.com/company/digimobil?trk=ppro_cprof,DIGI Italia,"Digi Italia è un operatore virtuale di telefonia mobile attivo nel mercato italiano delle telecomunicazioni dal 2010, diventato nel 2015 Full MVNO.",37
https://www.linkedin.com/company/sistel-telecomunicazioni,Sistel Telecomunicazioni,Sistel Telecomunicazioni | 40 followers on LinkedIn ... Camomilla Italia. Retail Apparel and Fashion. HIKVISION ITALY. Security and ...,38
https://uy.linkedin.com/company/gruppo-sistema-italia,Gruppo Sistema Italia,"--TELECOMUNICAZIONI Le migliori soluzioni TIM Impresa Semplice per rendere sempre più attivo, dinamico e di qualità, il Business dei nostri clienti, ...",39
https://sg.linkedin.com/company/tlc-world,TLC WORLD italia,"About us ; Industry: Telecommunications ; Company size: 1 employee ; Headquarters: x, italia ; Type: Self-Employed ; Specialties: telecomunicazioni, tlc, business, ...",40
https://www.linkedin.com/company/omnistlc,Omnis TLC,"Omnis TLC, Viareggio, Tuscany, Italy ... Stiamo #assumendo per un ruolo di “Addetto alle vendite settore ICT, TLC, Cyber security” a Viareggio, Tuscany. Candidati ...",41
https://it.linkedin.com/company/telecom-italia-spa---il-telefonino,Telecom Italia Spa - Il Telefonino,"Telecom Italia Spa - Il Telefonino | 5 follower su LinkedIn ... Telecomunicazioni. Bolzano, Trentino-Alto Adige · EWOC Doctoral Network.",42
https://www.linkedin.com/company/trade-up,Trade Up,Trade Up é una società specializzata nella vendita di servizi di telecomunicazioni aziendali per il mercato italiano delle piccole e medie imprese. Nel 2006 ...,43
https://www.linkedin.com/company/telecomunicazioninet,Telecomunicazioni,Employees at Telecomunicazioni ; fabio Donati. impiegato ufficio tecnico presso… ; Claudio Troisi. Supervisore call center presso… ; Franco Rossi. Tecnico presso ...,44
https://www.linkedin.com/company/telecomunicazioni-s.r.l.,TELECOMUNICAZIONI S.R.L.,Employees at TELECOMUNICAZIONI S.R.L. ; Ilenia La Rosa. Capo team presso TELECOMUNICAZIONI… ; Rosaria Lentini. Dipendente presso TELECOMUNICAZIONI… ; Gruppo FZ.,45
https://www.linkedin.com/company/eurocom-telecomunicazioni,Sinora (ex Eurocom Telecomunicazioni),"... certificazione ISO 9001:2008, quattro sedi operative in Italia, lo sviluppo di una rete di rivendita, per un trend in continua crescita.",46
https://in.linkedin.com/company/telecomunicazioni-e-servizi-s.r.l.?trk=similar-pages_result-card_full-click,TELECOMUNICAZIONI E SERVIZI S.R.L.,"TELECOMUNICAZIONI E SERVIZI S.R.L. | 9 followers on LinkedIn. TELECOMUNICAZIONI E SERVIZI S.R.L. is a construction company based out of BRESCIA, Bs, Italy.",47
https://it.linkedin.com/company/uno-mobile,Uno Mobile,"Telecomunicazioni. Milano, MIlano 20 follower. UnoMobile...era scritto nel ... Italia. A questo si aggiunge la serietà e la competenza delle persone che ...",48
https://www.linkedin.com/company/sielte-spa,Sielte Spa,"... Telecomunicazioni, dei Trasporti e dei Sistemi Tecnologici. Con ... Italia: “Viviamo in un'epoca in cui le sfide sociali ed economiche sono sempre più ...",49
https://it.linkedin.com/company/id-innovazione-digitale,INNOVAZIONE DIGITALE,"Chi siamo ; Settore: Telecomunicazioni ; Dimensioni dell'azienda: 51-200 dipendenti ; Sede principale: Rome, Latium ; Tipo: Società privata non quotata ; Data di ...",50
https://www.linkedin.com/company/gd-telecomunicazioni,GD Telecomunicazioni,GD Telecomunicazioni | 361 followers on LinkedIn. La G.D.Telecomunicazioni s.r.l. (GDT) è stata fondata nel 2006. Essa ha iniziato ad operare nel campo ...,51
https://ca.linkedin.com/company/tci-telecomunicazioni-italia-s.r.l.?trk=public_profile_topcard_current_company,TCI Telecomunicazioni Italia s.r.l.,TCI Telecomunicazioni Italia s.r.l. | 1872 followers on LinkedIn. TCI is an international leader in the production and distribution of electronic components ...,52
https://it.linkedin.com/company/comunicatorino,Comunicatorino,"Telecomunicazioni. Torino, Piemonte 12 follower. Comunica in sicurezza ... Pagine simili. Teledif Italia. Telecomunicazioni. Torino, Piemonte. LinkedIn ...",53
https://br.linkedin.com/company/gruppo-sistema-italia,Gruppo Sistema Italia,"Seguendo l'evoluzione del mercato, ha acquisito nuove ed importanti competenze nel settore delle Telecomunicazioni e dell'ITALIA, ampliando la gamma di ...",54
https://de.linkedin.com/company/clk-italia?trk=ppro_cprof,CLK Italia,Da quasi 15 anni affianchiamo e supportiamo le aziende e PA nell'evoluzione delle telecomunicazioni professionali. Con un portfolio prodotti che copre una ...,55
https://lu.linkedin.com/company/tlc-telecomunicazioni-srl,TLC Telecomunicazioni,TLC Telecomunicazioni | 6 756 abonnés sur LinkedIn. Internet in FIBRA OTTICA dedicata a progetto ovunque | Internet in FIBRA OTTICA dedicata a progetto ...,56
https://au.linkedin.com/company/tci-telecomunicazioni-italia-s.r.l.?trk=organization-update_share-update_actor-text,TCI Telecomunicazioni Italia s.r.l.,TCI Telecomunicazioni Italia s.r.l. | 1766 followers on LinkedIn. TCI is an international leader in the production and distribution of electronic components ...,57
https://in.linkedin.com/company/tci-telecomunicazioni-italia-s.r.l.?trk=ppro_cprof,TCI Telecomunicazioni Italia s.r.l.,TCI Telecomunicazioni Italia s.r.l. | 1931 followers on LinkedIn. TCI is an international leader in the production and distribution of electronic components ...,58
https://www.linkedin.com/company/elettroplus-telecomunicazioni-s.r.l.,ELETTROPLUS TELECOMUNICAZIONI S.R.L.,ELETTROPLUS TELECOMUNICAZIONI S.R.L. | 37 followers on LinkedIn. Il nostro principale obiettivo è la fornitura di servizi quali la realizzazione e la ...,59
https://it.linkedin.com/company/irtet-srl,I.R.T.E.T. srl,"Telecomunicazioni Reti Fisse, Infrastrutture e Sistemi Tecnologici e Servizi Tecnici TLC ... Italia Net Services SpA. Telecomunicazioni. Roma, Lazio · La ...",60
https://it.linkedin.com/company/telima-sud-srl,TELIMA SUD SRL,"TELIMA SUD SRL è un'azienda che opera nel settore delle telecomunicazioni con 3 sedi operative in Italia e 80 dipendenti, garantendo operatività su tutto il ...",61
https://fr.linkedin.com/company/tci-telecomunicazioni-italia-s.r.l.,TCI Telecomunicazioni Italia s.r.l.,TCI Telecomunicazioni Italia s.r.l. | 1 781 abonnés sur LinkedIn. TCI is an international leader in the production and distribution of electronic components ...,62
https://www.linkedin.com/company/urmet-tlc-digital-smart-solution,URMET TLC - DIGITAL SMART SOLUTION,"... TLC ha un ruolo chiave nel settore delle telecomunicazioni, dell'automazione degli edifici, della sicurezza e della gestione dell'energia, in Italia e nel ...",63
https://fr.linkedin.com/company/tci-telecomunicazioni-italia-s.r.l.?trk=public_profile_topcard_current_company,TCI Telecomunicazioni Italia s.r.l.,TCI Telecomunicazioni Italia s.r.l. | 1 861 abonnés sur LinkedIn. TCI is an international leader in the production and distribution of electronic components ...,64
https://es.linkedin.com/company/tlc-telecomunicazioni-srl/?trk=organization-update_share-update_actor-text,TLC Telecomunicazioni,Internet in FIBRA OTTICA dedicata a progetto ovunque. Collegamenti in fibra pregiata FTTO. Fibra spenta. Trasporti L2. Fibra condivisa: FTTH - FTTC / VDSL ...,65
https://it.linkedin.com/company/novacom-srl,Novacom SRL,"... Italia dal 2020. Ci occupiamo tra gli altri servizi professionali di ... Telecomunicazioni. Casorate Primo, Lombardy 49 follower. TLC for passion ...",66
https://it.linkedin.com/company/nextel-italia-s-r-l-,Nextel Italia S.r.l.,La NEXTEL è una Azienda multinazionale giovane e dinamica che sta crescendo rapidamente nel mercato internazionale delle telecomunicazioni particolarmente ...,67
https://it.linkedin.com/company/socoin-technology,Socoin Technology,"... telecomunicazioni e delle energie rinnovabili, gestendo l'intero processo di ... Italiano (Italiano); עברית (Ebraico); 日本語 (Giapponese); 한국어 ...",68
https://www.linkedin.com/company/coral-tlc-srls,Coral TLC Srls,Coral TLC Srls | 31 followers on LinkedIn. Consulenti in Telecomunicazioni ed ITC facciamo del successo dei nostri clienti la nostra più grande ...,69
https://il.linkedin.com/company/devitalia-telecomunicazioni,Devitalia Telecomunicazioni,"Devitalia Telecomunicazioni | 426 followers on LinkedIn. Soluzioni integrate di telecomunicazione | Devitalia, da sempre impegnata nella ricerca di prodotti ...",70
https://at.linkedin.com/company/tci-telecomunicazioni-italia-s.r.l.,TCI Telecomunicazioni Italia s.r.l.,TCI Telecomunicazioni Italia s.r.l. | 1.856 Follower:innen auf LinkedIn. TCI is an international leader in the production and distribution of electronic ...,71
https://de.linkedin.com/company/gd-telecomunicazioni,GD Telecomunicazioni,GD Telecomunicazioni | 362 Follower:innen auf LinkedIn. La G.D.Telecomunicazioni s.r.l. (GDT) è stata fondata nel 2006. Essa ha iniziato ad operare nel ...,72
https://in.linkedin.com/company/tci-telecomunicazioni-italia-s.r.l.?trk=similar-pages_result-card_full-click,TCI Telecomunicazioni Italia s.r.l.,TCI Telecomunicazioni Italia s.r.l. | 1874 followers on LinkedIn. TCI is an international leader in the production and distribution of electronic components ...,73
https://ma.linkedin.com/company/tci-telecomunicazioni-italia-s.r.l.?trk=ppro_cprof,TCI Telecomunicazioni Italia s.r.l.,s.r.l. | ١٬٨٣٤ من المتابعين على,74
https://it.linkedin.com/company/tel-me-net,Tel Me,"Telecomunicazioni. Cornaredo, Milano 33 follower. Dove Comunicazione Digitale e Telefonia in Cloud si incontrano in un connubio vincente. Segui · Segnala ...",75
https://www.linkedin.com/company/tlc-solution-srl,TLC SOLUTION srl,"Grazie alla collaborazione con il miglior Brand Italiano sul mercato, propone i migliori servizi di telecomunicazione per le imprese. L'azienda è specializzata ...",76
https://it.linkedin.com/company/ictree-srl,ICTREE srl,"Telecomunicazioni. Brescia, Brescia 7 follower. Segui · Segnala azienda; Chiudi menu. Chi siamo. Azienda di Facility mangment nel settore delle information and ...",77
https://www.linkedin.com/company/team-tlc-s.r.l.,TEAM TLC S.R.L.,"Candidati subito o condividi questo post con la tua rete. TEAM TLC S.R.L.. Ingegnere elettronico. TEAM TLC S.R.L., Catania, Sicily, Italy · 1 · Like Comment ...",78
https://in.linkedin.com/company/gd-telecomunicazioni,GD Telecomunicazioni,GD Telecomunicazioni | 362 followers on LinkedIn. La G.D.Telecomunicazioni s.r.l. (GDT) è stata fondata nel 2006. Essa ha iniziato ad operare nel campo ...,79
https://de.linkedin.com/company/f.a.i.-telecomunicazioni-s.r.l.?trk=ppro_cprof,F.A.I. TELECOMUNICAZIONI S.R.L.,"F.A.I. TELECOMUNICAZIONI S.R.L. | 11 Follower:innen auf LinkedIn. SERVIZI PER LA PROGETTAZIONE, REALIZZAZIONE E INSTALLAZIONE, COLLAUDO E MANUTENZIONE DI ...",80
https://www.linkedin.com/company/sistemiufficio,GRUPPO SISTEMI UFFICIO,Sistemi Ufficio TLC S.r.l. è National Excellent Partner Vodafone da più di 20 anni e tra le prime 5 su 150 Agenzie Vodafone Business in Italia. Supportiamo i ...,81
https://in.linkedin.com/company/circet-italia?trk=public_profile_experience-item_profile-section-card_subtitle-click,Circet Italia S.p.a.,"Circet Italia S.p.a. | 13836 followers on LinkedIn. Il partner di riferimento degli operatori per infrastrutture e servizi di telecomunicazioni, ...",82
https://www.linkedin.com/company/infostrada,Wind Telecomunicazioni S.p.a.,Wind Telecomunicazioni S.p.a. | 1969 followers on LinkedIn. Founded in 1995 by Olivetti (Infostrada for fixed comunications and Omnitel for mobile ...,83
https://www.linkedin.com/company/aet-telecomunicazioni-scarl,AET Telecomunicazioni,Employees at AET Telecomunicazioni ; Sergio Costa. legale rappresentante presso AET… ; Sergio Costa. Direttore tecnico presso A.E.T… ; MARIANO FULGHERI. Giuntista ...,84
https://fr.linkedin.com/company/tci-telecomunicazioni-italia-s.r.l.?trk=ppro_cprof,TCI Telecomunicazioni Italia s.r.l.,TCI Telecomunicazioni Italia s.r.l. | 1 930 abonnés sur LinkedIn. TCI is an international leader in the production and distribution of electronic components ...,85
https://it.linkedin.com/company/sensi-srl,Sensi S.r.l.,Sensi S.r.l. | 121 follower su LinkedIn. Azienda che opera nel Settore delle Telecomunicazioni e dell'energia Elettrica.,86
https://it.linkedin.com/company/timmanagementitalia,Telemarketing srl,"... Italia Spa, diventa primo in Italia nel 2007 anche come telefonia fissa ... Telecomunicazioni. Benevento, Benevento 18 follower. Primi in Italia come ...",87
https://at.linkedin.com/company/industria-sistemi-elettronici-per-telecomunicazioni-s.r.l.-in-sigla-i.s.e.t.-srl,INDUSTRIA SISTEMI ELETTRONICI PER ...,INDUSTRIA SISTEMI ELETTRONICI PER TELECOMUNICAZIONI S.R.L. IN SIGLA I.S.E.T. SRL | 9 Follower:innen auf LinkedIn. ATTIVITA SVOLTA PRESSO L UNITA LOCALE.,88
https://es.linkedin.com/company/sime-telecomunicazioni-spa,SIME TELECOMUNICAZIONI SPA,SIME TELECOMUNICAZIONI SPA | 291 seguidores en LinkedIn. Immaginiamo il ... Italia e all'Estero per tutte le attività di competenza.,89
https://www.linkedin.com/company/mvm-s.p.a.,MVM S.p.a.,... italiano come uno dei principali player delle infrastrutture per le telecomunicazioni. Da più di 25 anni è fornitore dei principali operatori di ...,90
https://it.linkedin.com/company/master-tlc-srl,MASTER TLC SRL,MASTER TLC SRL | 68 follower su LinkedIn. Enjoy your business! | MasterTLC è un'azienda che opera nella consulenza di servizi energetici e di ...,91
https://at.linkedin.com/company/clouditalia-communications-spa,Clouditalia Telecomunicazioni,Clouditalia Telecomunicazioni è una società di Telecomunicazioni e Cloud ... italiano dedicato alle aziende. Rimani aggiornato su tutti gli eventi e le ...,92
https://it.linkedin.com/company/madema-italia,Madema Italia,"Madema Italia. Mezzi di comunicazione e telecomunicazioni. roma, roma 186 follower. Dal 1982 trasformiamo le vostre idee in eventi di successo, ...",93
https://ir.linkedin.com/company/tci-telecomunicazioni-italia-s.r.l.,TCI Telecomunicazioni Italia s.r.l.,TCI Telecomunicazioni Italia s.r.l. | ۱٬۹۳۱ دنبال کنندگان در لینکدین TCI is an international leader in the production and distribution of electronic ...,94
https://nl.linkedin.com/company/tci-telecomunicazioni-italia-s.r.l.?trk=public_profile_experience-item_profile-section-card_subtitle-click,TCI Telecomunicazioni Italia s.r.l.,TCI Telecomunicazioni Italia s.r.l. | 1.929 volgers op LinkedIn. TCI is an international leader in the production and distribution of electronic components ...,95
https://ng.linkedin.com/company/tci-telecomunicazioni-italia-s.r.l.?trk=similar-pages_result-card_full-click,TCI Telecomunicazioni Italia s.r.l.,TCI Telecomunicazioni Italia s.r.l. | 1848 followers on LinkedIn. TCI is an international leader in the production and distribution of electronic components ...,96
https://fr.linkedin.com/company/cnit---consorzio-nazionale-interuniversitario-per-le-telecomunicazioni?trk=public_profile_experience-item_profile-section-card_subtitle-click,CNIT - Consorzio Nazionale Interuniversitario per le ...,"CNIT - Consorzio Nazionale Interuniversitario per le Telecomunicazioni | 2 609 abonnés sur LinkedIn. CNIT is a non-profit consortium, established in 1995, ...",97
https://it.linkedin.com/company/incabit-italia-s.r.l.,INCABIT ITALIA S.R.L.,"INCABIT ITALIA S.R.L. | 28 follower su LinkedIn. COSTRUZIONE DI EDIFICI RESIDENZIALI E NON RESIDENZIALI, STRADE, AUTOSTRADE, PONTI, VIADOTTI ECC.",98
https://www.google.it/search?num=100&sca_esv=dd78f9e0c8abb7cb&hl=it&gl=IT&glp=1&q=site:linkedin.com/company+telecomunicazioni+linkedin+italia++-%22offerte+di+lavoro%22&udm=2&source=univ&fir=oIzrAgNWKL9hZM%252CBo8DZufU8JsTpM%252C_%253BLj7y8Ra5ALzLyM%252CbZaGODwzpmdw-M%252C_%253Bdy1CQzOgYbBmfM%252C7_MpEcgVR2NIlM%252C_%253BWdNP60ghb8sw0M%252CqFZ1XXC2XYTxOM%252C_%253BokN5FFw5EcCXrM%252CbIj6CUtQq0B3kM%252C_%253BMEKduv-ywDmTcM%252CyxYjkJzZEIhl1M%252C_%253B1Xq5dHfs3qPEQM%252CP5Z2KNrL4VBzJM%252C_%253Brj16dISk1WKEjM%252CQLjhfQA8crbSTM%252C_%253BhKo3BJ-Kc2deQM%252CQLjhfQA8crbSTM%252C_&usg=AI4_-kS-fL7fAnzIooRCZLWKGBwMZOH6WA&sa=X&ved=2ahUKEwj_3qzatriJAxXASfEDHekOKcAQ7Al6BAhaEAY,Immagini,,99
https://www.linkedin.com/company/fartlc,Far Telecomunicazioni s.r.l.,"La FAR Srl opera da circa 30 anni nel settore delle forniture di materiali, strumentazione e attrezzature per l'impiantistica telefonica ed elettrica.",100
